{"Latitude":{"Alabama":32.806671,"Alaska":61.370716,"Arizona":33.729759,"Arkansas":34.969704,"California":36.116203,"Colorado":39.059811,"Connecticut":41.597782,"Delaware":39.318523,"District of Columbia":38.897438,"Florida":27.766279,"Georgia":33.040619,"Hawaii":21.094318,"Idaho":44.240459,"Illinois":40.349457,"Indiana":39.849426,"Iowa":42.011539,"Kansas":38.5266,"Kentucky":37.66814,"Louisiana":31.169546,"Maine":44.693947,"Maryland":39.063946,"Massachusetts":42.230171,"Michigan":43.326618,"Minnesota":45.694454,"Mississippi":32.741646,"Missouri":38.456085,"Montana":46.921925,"Nebraska":41.12537,"Nevada":38.313515,"New Hampshire":43.452492,"New Jersey":40.298904,"New Mexico":34.840515,"New York":42.165726,"North Carolina":35.630066,"North Dakota":47.528912,"Ohio":40.388783,"Oklahoma":35.565342,"Oregon":44.572021,"Pennsylvania":40.590752,"Rhode Island":41.680893,"South Carolina":33.856892,"South Dakota":44.299782,"Tennessee":35.747845,"Texas":31.054487,"Utah":40.150032,"Vermont":44.045876,"Virginia":37.769337,"Washington":47.400902,"West Virginia":38.491226,"Wisconsin":44.268543,"Wyoming":42.755966},"Longitude":{"Alabama":-86.79113,"Alaska":-152.404419,"Arizona":-111.431221,"Arkansas":-92.373123,"California":-119.681564,"Colorado":-105.311104,"Connecticut":-72.755371,"Delaware":-75.507141,"District of Columbia":-77.026817,"Florida":-81.686783,"Georgia":-83.643074,"Hawaii":-157.498337,"Idaho":-114.478828,"Illinois":-88.986137,"Indiana":-86.258278,"Iowa":-93.210526,"Kansas":-96.726486,"Kentucky":-84.670067,"Louisiana":-91.867805,"Maine":-69.381927,"Maryland":-76.802101,"Massachusetts":-71.530106,"Michigan":-84.536095,"Minnesota":-93.900192,"Mississippi":-89.678696,"Missouri":-92.288368,"Montana":-110.454353,"Nebraska":-98.268082,"Nevada":-117.055374,"New Hampshire":-71.563896,"New Jersey":-74.521011,"New Mexico":-106.248482,"New York":-74.948051,"North Carolina":-79.806419,"North Dakota":-99.784012,"Ohio":-82.764915,"Oklahoma":-96.928917,"Oregon":-122.070938,"Pennsylvania":-77.209755,"Rhode Island":-71.51178,"South Carolina":-80.945007,"South Dakota":-99.438828,"Tennessee":-86.692345,"Texas":-97.563461,"Utah":-111.862434,"Vermont":-72.710686,"Virginia":-78.169968,"Washington":-121.490494,"West Virginia":-80.954453,"Wisconsin":-89.616508,"Wyoming":-107.30249}}